﻿{
  "name": "[IndexerName]",
  "targetIndexName": "[IndexName]",
  "dataSourceName": "[DataSourceName]",
  "description": "[Description]",
  "disabled": "false",
  "schedule": null,
  "parameters": {
    "batchSize": 1000,
    "configuration": {
      "dataToExtract": "contentAndMetadata",
      "parsingMode": "jsonLines"
    }
  },
  "fieldMappings": [
    {
      "sourceFieldName": "AzureSearch_DocumentKey",
      "targetFieldName": "AzureSearch_DocumentKey",
      "mappingFunction": {
        "name": "base64Encode",
        "parameters": null
      }
    }
  ]
}